id,title,price,rating,availability
1,A Light in the Attic,51.77,Three,In stock
2,Tipping the Velvet,53.74,One,In stock
3,Soumission,50.1,One,In stock
4,Sharp Objects,47.82,Four,In stock
5,Sapiens: A Brief History of Humankind,54.23,Five,In stock
6,The Requiem Red,22.65,One,In stock
7,The Dirty Little Secrets of Getting Your Dream Job,33.34,Four,In stock
8,"The Coming Woman: A Novel Based on the Life of the Infamous Feminist, Victoria Woodhull",17.93,Three,In stock
9,The Boys in the Boat: Nine Americans and Their Epic Quest for Gold at the 1936 Berlin Olympics,22.6,Four,In stock
10,The Black Maria,52.15,One,In stock
11,"Starving Hearts (Triangular Trade Trilogy, #1)",13.99,Two,In stock
12,Shakespeare's Sonnets,20.66,Four,In stock
13,Set Me Free,17.46,Five,In stock
14,Scott Pilgrim's Precious Little Life (Scott Pilgrim #1),52.29,Five,In stock
15,Rip it Up and Start Again,35.02,Five,In stock
16,"Our Band Could Be Your Life: Scenes from the American Indie Underground, 1981-1991",57.25,Three,In stock
17,Olio,23.88,One,In stock
18,Mesaerion: The Best Science Fiction Stories 1800-1849,37.59,One,In stock
19,Libertarianism for Beginners,51.33,Two,In stock
20,It's Only the Himalayas,45.17,Two,In stock
21,Slow States of Collapse: Poems,57.31,Three,In stock
22,Reasons to Stay Alive,26.41,Two,In stock
23,Private Paris (Private #10),47.61,Five,In stock
24,#HigherSelfie: Wake Up Your Life. Free Your Soul. Find Your Tribe.,23.11,Five,In stock
25,Without Borders (Wanderlove #1),45.07,Two,In stock
26,When We Collided,31.77,One,In stock
27,"We Love You, Charlie Freeman",50.27,Five,In stock
28,Untitled Collection: Sabbath Poems 2014,14.27,Four,In stock
29,"Unseen City: The Majesty of Pigeons, the Discreet Charm of Snails & Other Wonders of the Urban Wilderness",44.18,Four,In stock
30,Unicorn Tracks,18.78,Three,In stock
31,"Unbound: How Eight Technologies Made Us Human, Transformed Society, and Brought Our World to the Brink",25.52,One,In stock
32,Tsubasa: WoRLD CHRoNiCLE 2 (Tsubasa WoRLD CHRoNiCLE #2),16.28,One,In stock
33,Throwing Rocks at the Google Bus: How Growth Became the Enemy of Prosperity,31.12,Three,In stock
34,This One Summer,19.49,Four,In stock
35,Thirst,17.27,Five,In stock
36,The Torch Is Passed: A Harding Family Story,19.09,One,In stock
37,The Secret of Dreadwillow Carse,56.13,One,In stock
38,"The Pioneer Woman Cooks: Dinnertime: Comfort Classics, Freezer Food, 16-Minute Meals, and Other Delicious Ways to Solve Supper!",56.41,One,In stock
39,The Past Never Ends,56.5,Four,In stock
40,The Natural History of Us (The Fine Art of Pretending #2),45.22,Three,In stock
41,The Nameless City (The Nameless City #1),38.16,Four,In stock
42,The Murder That Never Was (Forensic Instincts #5),54.11,Three,In stock
43,The Most Perfect Thing: Inside (and Outside) a Bird's Egg,42.96,Four,In stock
44,"The Mindfulness and Acceptance Workbook for Anxiety: A Guide to Breaking Free from Anxiety, Phobias, and Worry Using Acceptance and Commitment Therapy",23.89,Four,In stock
45,The Life-Changing Magic of Tidying Up: The Japanese Art of Decluttering and Organizing,16.77,Three,In stock
46,"The Inefficiency Assassin: Time Management Tactics for Working Smarter, Not Longer",20.59,Five,In stock
47,The Gutsy Girl: Escapades for Your Life of Epic Adventure,37.13,One,In stock
48,The Electric Pencil: Drawings from Inside State Hospital No. 3,56.06,One,In stock
49,The Death of Humanity: and the Case for Life,58.11,Four,In stock
50,"The Bulletproof Diet: Lose up to a Pound a Day, Reclaim Energy and Focus, Upgrade Your Life",49.05,Three,In stock
51,The Art Forger,40.76,Three,In stock
52,The Age of Genius: The Seventeenth Century and the Birth of the Modern Mind,19.73,One,In stock
53,The Activist's Tao Te Ching: Ancient Advice for a Modern Revolution,32.24,Five,In stock
54,Spark Joy: An Illustrated Master Class on the Art of Organizing and Tidying Up,41.83,Four,In stock
55,Soul Reader,39.58,Two,In stock
56,Security,39.25,Two,In stock
57,"Saga, Volume 6 (Saga (Collected Editions) #6)",25.02,Three,In stock
58,"Saga, Volume 5 (Saga (Collected Editions) #5)",51.04,Two,In stock
59,Reskilling America: Learning to Labor in the Twenty-First Century,19.83,Two,In stock
60,"Rat Queens, Vol. 3: Demons (Rat Queens (Collected Editions) #11-15)",50.4,Three,In stock
61,"Princess Jellyfish 2-in-1 Omnibus, Vol. 01 (Princess Jellyfish 2-in-1 Omnibus #1)",13.61,Five,In stock
62,Princess Between Worlds (Wide-Awake Princess #5),13.34,Five,In stock
63,"Pop Gun War, Volume 1: Gift",18.97,One,In stock
64,"Political Suicide: Missteps, Peccadilloes, Bad Calls, Backroom Hijinx, Sordid Pasts, Rotten Breaks, and Just Plain Dumb Mistakes in the Annals of American Politics",36.28,Two,In stock
65,Patience,10.16,Three,In stock
66,"Outcast, Vol. 1: A Darkness Surrounds Him (Outcast #1)",15.44,Four,In stock
67,orange: The Complete Collection 1 (orange: The Complete Collection #1),48.41,One,In stock
68,Online Marketing for Busy Authors: A Step-By-Step Guide,46.35,One,In stock
69,On a Midnight Clear,14.07,Three,In stock
70,Obsidian (Lux #1),14.86,Two,In stock
71,My Paris Kitchen: Recipes and Stories,33.37,Two,In stock
72,Masks and Shadows,56.4,Two,In stock
73,"Mama Tried: Traditional Italian Cooking for the Screwed, Crude, Vegan, and Tattooed",14.02,Four,In stock
74,"Lumberjanes, Vol. 2: Friendship to the Max (Lumberjanes #5-8)",46.91,Two,In stock
75,"Lumberjanes, Vol. 1: Beware the Kitten Holy (Lumberjanes #1-4)",45.61,Three,In stock
76,Lumberjanes Vol. 3: A Terrible Plan (Lumberjanes #9-12),19.92,Two,In stock
77,"Layered: Baking, Building, and Styling Spectacular Cakes",40.11,One,In stock
78,Judo: Seven Steps to Black Belt (an Introductory Guide for Beginners),53.9,Two,In stock
79,Join,35.67,Five,In stock
80,In the Country We Love: My Family Divided,22.0,Four,In stock
81,In Her Wake,12.84,One,In stock
82,How Music Works,37.32,Two,In stock
83,"Foolproof Preserving: A Guide to Small Batch Jams, Jellies, Pickles, Condiments, and More: A Foolproof Guide to Making Small Batch Jams, Jellies, Pickles, Condiments, and More",30.52,Three,In stock
84,Chase Me (Paris Nights #2),25.27,Five,In stock
85,Black Dust,34.53,Five,In stock
86,Birdsong: A Story in Pictures,54.64,Three,In stock
87,America's Cradle of Quarterbacks: Western Pennsylvania's Football Factory from Johnny Unitas to Joe Montana,22.5,Three,In stock
88,Aladdin and His Wonderful Lamp,53.13,Three,In stock
89,Worlds Elsewhere: Journeys Around Shakespeareâs Globe,40.3,Five,In stock
90,Wall and Piece,44.18,Four,In stock
91,The Four Agreements: A Practical Guide to Personal Freedom,17.66,Five,In stock
92,The Five Love Languages: How to Express Heartfelt Commitment to Your Mate,31.05,Three,In stock
93,The Elephant Tree,23.82,Five,In stock
94,The Bear and the Piano,36.89,One,In stock
95,Sophie's World,15.94,Five,In stock
96,Penny Maybe,33.29,Three,In stock
97,Maude (1883-1993):She Grew Up with the country,18.02,Two,In stock
98,"In a Dark, Dark Wood",19.63,One,In stock
99,Behind Closed Doors,52.22,Four,In stock
100,You can't bury them all: Poems,33.63,Two,In stock
101,Algorithms to Live By: The Computer Science of Human Decisions,30.81,One,In stock
102,A World of Flavor: Your Gluten Free Passport,42.95,One,In stock
103,"A Piece of Sky, a Grain of Rice: A Memoir in Four Meditations",56.76,Five,In stock
104,A Murder in Time,16.64,One,In stock
105,A Flight of Arrows (The Pathfinders #2),55.53,Five,In stock
106,A Fierce and Subtle Poison,28.13,Four,In stock
107,A Court of Thorns and Roses (A Court of Thorns and Roses #1),52.37,One,In stock
108,(Un)Qualified: How God Uses Broken People to Do Big Things,54.0,Five,In stock
109,You Are What You Love: The Spiritual Power of Habit,21.87,Four,In stock
110,"William Shakespeare's Star Wars: Verily, A New Hope (William Shakespeare's Star Wars #4)",43.3,Four,In stock
111,Tuesday Nights in 1980,21.04,Two,In stock
112,Tracing Numbers on a Train,41.6,Three,In stock
113,Throne of Glass (Throne of Glass #1),35.07,Three,In stock
114,Thomas Jefferson and the Tripoli Pirates: The Forgotten War That Changed American History,59.64,One,In stock
115,Thirteen Reasons Why,52.72,One,In stock
116,The White Cat and the Monk: A Retelling of the Poem âPangur BÃ¡nâ,58.08,Four,In stock
117,The Wedding Dress,24.12,One,In stock
118,The Vacationers,42.15,Four,In stock
119,The Third Wave: An Entrepreneurâs Vision of the Future,12.61,Five,In stock
120,The Stranger,17.44,Four,In stock
121,The Shadow Hero (The Shadow Hero),33.14,One,In stock
122,The Secret (The Secret #1),27.37,Four,In stock
123,The Regional Office Is Under Attack!,51.36,Five,In stock
124,The Psychopath Test: A Journey Through the Madness Industry,36.0,Two,In stock
125,The Project,10.65,One,In stock
126,The Power of Now: A Guide to Spiritual Enlightenment,43.54,Two,In stock
127,The Omnivore's Dilemma: A Natural History of Four Meals,38.21,Two,In stock
128,The Nerdy Nummies Cookbook: Sweet Treats for the Geek in All of Us,37.34,Five,In stock
129,The Murder of Roger Ackroyd (Hercule Poirot #4),44.1,Four,In stock
130,The Mistake (Off-Campus #2),43.29,Three,In stock
131,The Matchmaker's Playbook (Wingmen Inc. #1),55.85,One,In stock
132,The Love and Lemons Cookbook: An Apple-to-Zucchini Celebration of Impromptu Cooking,37.6,Two,In stock
133,The Long Shadow of Small Ghosts: Murder and Memory in an American City,10.97,One,In stock
134,The Kite Runner,41.82,Four,In stock
135,The House by the Lake,36.95,One,In stock
136,The Glittering Court (The Glittering Court #1),44.28,One,In stock
137,The Girl on the Train,55.02,Two,In stock
138,The Genius of Birds,17.24,One,In stock
139,The Emerald Mystery,23.15,Two,In stock
140,The Cookies & Cups Cookbook: 125+ sweet & savory recipes reminding you to Always Eat Dessert First,41.25,One,In stock
141,Modern Romance,28.26,Five,In stock
142,Miss Peregrineâs Home for Peculiar Children (Miss Peregrineâs Peculiar Children #1),10.76,One,In stock
143,Louisa: The Extraordinary Life of Mrs. Adams,16.85,Two,In stock
144,Little Red,13.47,Three,In stock
145,Library of Souls (Miss Peregrineâs Peculiar Children #3),48.56,Five,In stock
146,Large Print Heart of the Pride,19.15,Two,In stock
147,I Had a Nice Time And Other Lies...: How to find love & sh*t like that,57.36,Four,In stock
148,Hollow City (Miss Peregrineâs Peculiar Children #2),42.98,One,In stock
149,Grumbles,22.16,Two,In stock
150,Full Moon over Noahâs Ark: An Odyssey to Mount Ararat and Beyond,49.43,Four,In stock
151,Frostbite (Vampire Academy #2),29.99,Five,In stock
152,Follow You Home,21.36,One,In stock
153,First Steps for New Christians (Print Edition),29.0,One,In stock
154,Finders Keepers (Bill Hodges Trilogy #2),53.53,Five,In stock
155,"Fables, Vol. 1: Legends in Exile (Fables #1)",41.62,Four,In stock
156,Eureka Trivia 6.0,54.59,Four,In stock
157,Drive: The Surprising Truth About What Motivates Us,34.95,Four,In stock
158,Done Rubbed Out (Reightman & Bailey #1),37.72,Five,In stock
159,Doing It Over (Most Likely To #1),35.61,Three,In stock
160,"Deliciously Ella Every Day: Quick and Easy Recipes for Gluten-Free Snacks, Packed Lunches, and Simple Meals",42.16,Three,In stock
161,Immunity: How Elie Metchnikoff Changed the Course of Modern Medicine,57.36,Five,In stock
162,"I Hate Fairyland, Vol. 1: Madly Ever After (I Hate Fairyland (Compilations) #1-5)",29.17,Two,In stock
163,I am a Hero Omnibus Volume 1,54.63,Three,In stock
164,How to Be Miserable: 40 Strategies You Already Use,46.03,One,In stock
165,Her Backup Boyfriend (The Sorensen Family #1),33.97,One,In stock
166,"Giant Days, Vol. 2 (Giant Days #5-8)",22.11,Two,In stock
167,Forever and Forever: The Courtship of Henry Longfellow and Fanny Appleton,29.69,Three,In stock
168,First and First (Five Boroughs #3),15.97,Four,In stock
169,Fifty Shades Darker (Fifty Shades #2),21.96,One,In stock
170,Everydata: The Misinformation Hidden in the Little Data You Consume Every Day,54.35,Two,In stock
171,"Don't Be a Jerk: And Other Practical Advice from Dogen, Japan's Greatest Zen Master",37.97,Two,In stock
172,Danganronpa Volume 1,51.99,Four,In stock
173,Crown of Midnight (Throne of Glass #2),43.29,Three,In stock
174,"Codename Baboushka, Volume 1: The Conclave of Death",36.72,Four,In stock
175,Camp Midnight,17.08,Four,In stock
176,Call the Nurse: True Stories of a Country Nurse on a Scottish Isle,29.14,Five,In stock
177,Burning,28.81,Three,In stock
178,Bossypants,49.46,Two,In stock
179,"Bitch Planet, Vol. 1: Extraordinary Machine (Bitch Planet (Collected Editions))",37.92,Two,In stock
180,"Avatar: The Last Airbender: Smoke and Shadow, Part 3 (Smoke and Shadow #3)",28.09,Two,In stock
181,The Bridge to Consciousness: I'm Writing the Bridge Between Science and Our Old and New Beliefs.,32.0,Three,In stock
182,The Artist's Way: A Spiritual Path to Higher Creativity,38.49,Five,In stock
183,The Art of War,33.34,Five,In stock
184,The Argonauts,10.93,Two,In stock
185,The 10% Entrepreneur: Live Your Startup Dream Without Quitting Your Day Job,27.55,Three,In stock
186,Suddenly in Love (Lake Haven #1),55.99,Two,In stock
187,Something More Than This,16.24,Four,In stock
188,Soft Apocalypse,26.12,Two,In stock
189,So You've Been Publicly Shamed,12.23,Two,In stock
190,Shoe Dog: A Memoir by the Creator of NIKE,23.99,Two,In stock
191,"Shobu Samurai, Project Aryoku (#3)",29.06,Three,In stock
192,Secrets and Lace (Fatal Hearts #1),20.27,One,In stock
193,Scarlett Epstein Hates It Here,43.55,Five,In stock
194,Romero and Juliet: A Tragic Tale of Love and Zombies,36.94,One,In stock
195,Redeeming Love,20.47,Five,In stock
196,Poses for Artists Volume 1 - Dynamic and Sitting Poses: An Essential Reference for Figure Drawing and the Human Form,41.06,One,In stock
197,Poems That Make Grown Women Cry,14.19,Four,In stock
198,"Nightingale, Sing",38.28,One,In stock
199,Night Sky with Exit Wounds,41.05,One,In stock
200,Mrs. Houdini,30.25,Five,In stock
201,The Power of Habit: Why We Do What We Do in Life and Business,16.88,Three,In stock
202,The Marriage of Opposites,28.08,Four,In stock
203,The Lucifer Effect: Understanding How Good People Turn Evil,10.4,One,In stock
204,The Long Haul (Diary of a Wimpy Kid #9),44.07,One,In stock
205,The Loney,23.4,One,In stock
206,The Literature Book (Big Ideas Simply Explained),17.43,Three,In stock
207,The Last Mile (Amos Decker #2),54.21,Two,In stock
208,The Immortal Life of Henrietta Lacks,40.67,Two,In stock
209,The Hidden Oracle (The Trials of Apollo #1),52.26,Two,In stock
210,The Help Yourself Cookbook for Kids: 60 Easy Plant-Based Recipes Kids Can Make to Stay Healthy and Save the Earth,28.77,Three,In stock
211,The Guilty (Will Robie #4),13.82,Two,In stock
212,The First Hostage (J.B. Collins #2),25.85,Three,In stock
213,The Dovekeepers,48.78,One,In stock
214,The Darkest Lie,35.35,Five,In stock
215,The Bane Chronicles (The Bane Chronicles #1-11),44.73,Four,In stock
216,The Bad-Ass Librarians of Timbuktu: And Their Race to Save the Worldâs Most Precious Manuscripts,15.77,One,In stock
217,The 14th Colony (Cotton Malone #11),39.24,One,In stock
218,That Darkness (Gardiner and Renner #1),13.92,One,In stock
219,Tastes Like Fear (DI Marnie Rome #3),10.69,One,In stock
220,Take Me with You,45.21,Three,In stock
221,Dark Notes,19.19,Five,In stock
222,"Daring Greatly: How the Courage to Be Vulnerable Transforms the Way We Live, Love, Parent, and Lead",19.43,Three,In stock
223,Close to You,49.46,Four,In stock
224,Chasing Heaven: What Dying Taught Me About Living,37.8,Two,In stock
225,Big Magic: Creative Living Beyond Fear,30.8,Three,In stock
226,Becoming Wise: An Inquiry into the Mystery and Art of Living,27.43,Two,In stock
227,Beauty Restored (Riley Family Legacy Novellas #3),11.11,Two,In stock
228,Batman: The Long Halloween (Batman),36.5,Two,In stock
229,Batman: The Dark Knight Returns (Batman),15.38,Five,In stock
230,Ayumi's Violin,15.48,Two,In stock
231,Anonymous,46.82,Four,In stock
232,Amy Meets the Saints and Sages,18.46,Three,In stock
233,Amid the Chaos,36.58,One,In stock
234,Amatus,50.54,Five,In stock
235,Agnostic: A Spirited Manifesto,12.51,Five,In stock
236,Zealot: The Life and Times of Jesus of Nazareth,24.7,Three,In stock
237,You (You #1),43.61,Five,In stock
238,"Wonder Woman: Earth One, Volume One (Wonder Woman: Earth One #1)",37.34,Four,In stock
239,Wild Swans,14.36,Two,In stock
240,Why the Right Went Wrong: Conservatism--From Goldwater to the Tea Party and Beyond,52.65,Four,In stock
241,Whole Lotta Creativity Going On: 60 Fun and Unusual Exercises to Awaken and Strengthen Your Creativity,38.2,Four,In stock
242,What's It Like in Space?: Stories from Astronauts Who've Been There,19.6,Two,In stock
243,"We Are Robin, Vol. 1: The Vigilante Business (We Are Robin #1)",53.9,One,In stock
244,Walt Disney's Alice in Wonderland,12.96,Five,In stock
245,V for Vendetta (V for Vendetta Complete),37.1,Four,In stock
246,Until Friday Night (The Field Party #1),46.31,Two,In stock
247,"Unbroken: A World War II Story of Survival, Resilience, and Redemption",45.95,Two,In stock
248,Twenty Yawns,22.08,Two,In stock
249,Through the Woods,25.38,Two,In stock
250,This Is Where It Ends,27.12,Two,In stock
251,The Year of Magical Thinking,43.04,Two,In stock
252,The Wright Brothers,56.8,Four,In stock
253,The White Queen (The Cousins' War #1),25.91,Five,In stock
254,The Wedding Pact (The O'Malleys #2),32.61,Three,In stock
255,The Time Keeper,27.88,Five,In stock
256,The Testament of Mary,52.67,Four,In stock
257,The Star-Touched Queen,46.02,Five,In stock
258,The Songs of the Gods,44.48,Five,In stock
259,The Song of Achilles,37.4,Five,In stock
260,The Rosie Project (Don Tillman #1),54.04,One,In stock
261,Swell: A Year of Waves,45.58,One,In stock
262,Superman Vol. 1: Before Truth (Superman by Gene Luen Yang #1),11.89,Five,In stock
263,Still Life with Bread Crumbs,26.41,Three,In stock
264,Steve Jobs,39.5,Five,In stock
265,Sorting the Beef from the Bull: The Science of Food Fraud Forensics,44.74,Four,In stock
266,Someone Like You (The Harrisons #2),52.79,Five,In stock
267,"So Cute It Hurts!!, Vol. 6 (So Cute It Hurts!! #6)",35.43,Four,In stock
268,Shtum,55.84,Four,In stock
269,See America: A Celebration of Our National Parks & Treasured Sites,48.87,Three,In stock
270,salt.,46.78,Four,In stock
271,Robin War,47.82,Three,In stock
272,"Red Hood/Arsenal, Vol. 1: Open for Business (Red Hood/Arsenal #1)",25.48,Two,In stock
273,Rain Fish,23.57,Three,In stock
274,"Quarter Life Poetry: Poems for the Young, Broke and Hangry",50.89,Five,In stock
275,Pet Sematary,10.56,Three,In stock
276,"Overload: How to Unplug, Unwind, and Unleash Yourself from the Pressure of Stress",52.15,Three,In stock
277,Once Was a Time,18.28,Two,In stock
278,Old School (Diary of a Wimpy Kid #10),11.83,Five,In stock
279,No Dream Is Too High: Life Lessons From a Man Who Walked on the Moon,21.95,Two,In stock
280,"Naruto (3-in-1 Edition), Vol. 14: Includes Vols. 40, 41 & 42 (Naruto: Omnibus #14)",38.39,Two,In stock
281,My Name Is Lucy Barton,41.56,One,In stock
282,My Mrs. Brown,24.48,Three,In stock
283,My Kind of Crazy,40.36,One,In stock
284,Mr. Mercedes (Bill Hodges Trilogy #1),28.9,One,In stock
285,More Than Music (Chasing the Dream #1),37.61,Two,In stock
286,Made to Stick: Why Some Ideas Survive and Others Die,38.85,Five,In stock
287,Luis Paints the World,53.95,Three,In stock
288,Luckiest Girl Alive,49.83,Three,In stock
289,Lowriders to the Center of the Earth (Lowriders in Space #2),51.51,Two,In stock
290,Love Is a Mix Tape (Music #1),18.03,One,In stock
291,Looking for Lovely: Collecting the Moments that Matter,29.14,Five,In stock
292,"Living Leadership by Insight: A Good Leader Achieves, a Great Leader Builds Monuments",46.91,Four,In stock
293,Let It Out: A Journey Through Journaling,26.79,Five,In stock
294,Lady Midnight (The Dark Artifices #1),16.28,Five,In stock
295,"It's All Easy: Healthy, Delicious Weeknight Meals in under 30 Minutes",19.55,One,In stock
296,Island of Dragons (Unwanteds #7),29.65,One,In stock
297,I Know What I'm Doing -- and Other Lies I Tell Myself: Dispatches from a Life Under Construction,25.98,Four,In stock
298,I Am Pilgrim (Pilgrim #1),10.6,Four,In stock
299,"Hyperbole and a Half: Unfortunate Situations, Flawed Coping Mechanisms, Mayhem, and Other Things That Happened",14.75,Five,In stock
300,"Hush, Hush (Hush, Hush #1)",47.02,Three,In stock
301,Hold Your Breath (Search and Rescue #1),28.82,One,In stock
302,Hamilton: The Revolution,58.79,Three,In stock
303,Greek Mythic History,10.23,Five,In stock
304,God: The Most Unpleasant Character in All Fiction,30.03,Five,In stock
305,Glory over Everything: Beyond The Kitchen House,45.84,Three,In stock
306,Feathers: Displays of Brilliant Plumage,49.05,Three,In stock
307,"Far & Away: Places on the Brink of Change: Seven Continents, Twenty-Five Years",15.06,Four,In stock
308,Every Last Word,46.47,Three,In stock
309,Eligible (The Austen Project #4),27.09,Three,In stock
310,El Deafo,57.62,Five,In stock
311,Eight Hundred Grapes,14.39,Four,In stock
312,"Eaternity: More than 150 Deliciously Easy Vegan Recipes for a Long, Healthy, Satisfied, Joyful Life",51.75,Five,In stock
313,"Eat Fat, Get Thin",54.07,Two,In stock
314,Don't Get Caught,55.35,One,In stock
315,Doctor Sleep (The Shining #2),40.12,Two,In stock
316,Demigods & Magicians: Percy and Annabeth Meet the Kanes (Percy Jackson & Kane Chronicles Crossover #1-3),37.51,Five,In stock
317,Dear Mr. Knightley,11.21,Five,In stock
318,Daily Fantasy Sports,36.58,One,In stock
319,Crazy Love: Overwhelmed by a Relentless God,47.72,Two,In stock
320,Cometh the Hour (The Clifton Chronicles #6),25.01,Three,In stock
321,Code Name Verity (Code Name Verity #1),22.13,Four,In stock
322,Clockwork Angel (The Infernal Devices #1),44.14,One,In stock
323,City of Glass (The Mortal Instruments #3),56.02,Four,In stock
324,City of Fallen Angels (The Mortal Instruments #4),11.23,Four,In stock
325,City of Bones (The Mortal Instruments #1),43.28,One,In stock
326,City of Ashes (The Mortal Instruments #2),47.27,One,In stock
327,Cell,20.29,Four,In stock
328,Catching Jordan (Hundred Oaks),50.83,Three,In stock
329,"Carry On, Warrior: Thoughts on Life Unarmed",31.85,Three,In stock
330,Carrie,46.23,Two,In stock
331,Buying In: The Secret Dialogue Between What We Buy and Who We Are,37.8,Four,In stock
332,Brain on Fire: My Month of Madness,49.32,Five,In stock
333,Batman: Europa,32.01,Two,In stock
334,Barefoot Contessa Back to Basics,28.01,One,In stock
335,Barefoot Contessa at Home: Everyday Recipes You'll Make Over and Over Again,50.62,Five,In stock
336,Balloon Animals,17.03,Three,In stock
337,Art Ops Vol. 1,48.8,Three,In stock
338,Aristotle and Dante Discover the Secrets of the Universe (Aristotle and Dante Discover the Secrets of the Universe #1),58.14,Four,In stock
339,Angels Walking (Angels Walking #1),34.2,Two,In stock
340,Angels & Demons (Robert Langdon #1),51.48,Three,In stock
341,All the Light We Cannot See,29.87,Five,In stock
342,"Adulthood Is a Myth: A ""Sarah's Scribbles"" Collection",10.9,Two,In stock
343,Abstract City,56.37,Five,In stock
344,A Time of Torment (Charlie Parker #14),48.35,Five,In stock
345,A Study in Scarlet (Sherlock Holmes #1),16.73,Two,In stock
346,"A Series of Catastrophes and Miracles: A True Story of Love, Science, and Cancer",56.48,Two,In stock
347,A People's History of the United States,40.79,Two,In stock
348,A Man Called Ove,39.72,One,In stock
349,A Distant Mirror: The Calamitous 14th Century,14.58,Three,In stock
350,A Brush of Wings (Angels Walking #3),55.51,One,In stock
351,1491: New Revelations of the Americas Before Columbus,21.8,Three,In stock
352,"The Three Searches, Meaning, and the Story",13.33,Three,In stock
353,Searching for Meaning in Gailana,38.73,One,In stock
354,Rook,37.86,Four,In stock
355,My Kitchen Year: 136 Recipes That Saved My Life,11.53,Two,In stock
356,13 Hours: The Inside Account of What Really Happened In Benghazi,27.06,One,In stock
357,Will You Won't You Want Me?,13.86,Three,In stock
358,Tipping Point for Planet Earth: How Close Are We to the Edge?,37.55,One,In stock
359,The Star-Touched Queen,32.3,Five,In stock
360,The Silent Sister (Riley MacPherson #1),46.29,Five,In stock
361,The Midnight Watch: A Novel of the Titanic and the Californian,26.2,One,In stock
362,The Lonely City: Adventures in the Art of Being Alone,33.26,Two,In stock
363,The Gray Rhino: How to Recognize and Act on the Obvious Dangers We Ignore,59.15,Four,In stock
364,The Golden Condom: And Other Essays on Love Lost and Found,39.43,One,In stock
365,The Epidemic (The Program 0.6),14.44,Five,In stock
366,The Dinner Party,56.54,Two,In stock
367,The Diary of a Young Girl,59.9,Three,In stock
368,The Children,11.88,Three,In stock
369,Stars Above (The Lunar Chronicles #4.5),48.05,Two,In stock
370,Snatched: How A Drug Queen Went Undercover for the DEA and Was Kidnapped By Colombian Guerillas,21.21,Three,In stock
371,Raspberry Pi Electronics Projects for the Evil Genius,49.67,Four,In stock
372,Quench Your Own Thirst: Business Lessons Learned Over a Beer or Two,43.14,One,In stock
373,Psycho: Sanitarium (Psycho #1.5),36.97,Five,In stock
374,Poisonous (Max Revere Novels #3),26.8,Three,In stock
375,One with You (Crossfire #5),15.71,Four,In stock
376,No Love Allowed (Dodge Cove #1),54.65,Four,In stock
377,Murder at the 42nd Street Library (Raymond Ambler #1),54.36,Four,In stock
378,Most Wanted,35.28,Three,In stock
379,"Love, Lies and Spies",20.55,Two,In stock
380,How to Speak Golf: An Illustrated Guide to Links Lingo,58.32,Five,In stock
381,Hide Away (Eve Duncan #20),11.84,One,In stock
382,Furiously Happy: A Funny Book About Horrible Things,41.46,Four,In stock
383,Everyday Italian: 125 Simple and Delicious Recipes,20.1,Five,In stock
384,Equal Is Unfair: America's Misguided Fight Against Income Inequality,56.86,One,In stock
385,Eleanor & Park,56.51,Five,In stock
386,Dirty (Dive Bar #1),40.83,Four,In stock
387,Can You Keep a Secret? (Fear Street Relaunch #4),48.64,One,In stock
388,Boar Island (Anna Pigeon #19),59.48,Three,In stock
389,A Paris Apartment,39.01,Four,In stock
390,"A la Mode: 120 Recipes in 60 Pairings: Pies, Tarts, Cakes, Crisps, and More Topped with Ice Cream, Gelato, Frozen Custard, and More",38.77,One,In stock
391,Troublemaker: Surviving Hollywood and Scientology,48.39,Two,In stock
392,The Widow,27.26,Two,In stock
393,"The Sleep Revolution: Transforming Your Life, One Night at a Time",11.68,Four,In stock
394,The Improbability of Love,59.45,One,In stock
395,The Art of Startup Fundraising,21.0,Three,In stock
396,Take Me Home Tonight (Rock Star Romance #3),53.98,Three,In stock
397,Sleeping Giants (Themis Files #1),48.74,One,In stock
398,"Setting the World on Fire: The Brief, Astonishing Life of St. Catherine of Siena",21.15,Two,In stock
399,Playing with Fire,13.71,Three,In stock
400,Off the Hook (Fishing for Trouble #1),47.67,Three,In stock
401,Mothering Sunday,13.34,Two,In stock
402,"Mother, Can You Not?",16.89,Five,In stock
403,M Train,27.18,One,In stock
404,Lilac Girls,17.28,Two,In stock
405,Lies and Other Acts of Love,45.14,One,In stock
406,Lab Girl,40.85,One,In stock
407,Keep Me Posted,20.46,Four,In stock
408,It Didn't Start with You: How Inherited Family Trauma Shapes Who We Are and How to End the Cycle,56.27,Three,In stock
409,Grey (Fifty Shades #4),48.49,Four,In stock
410,"Exit, Pursued by a Bear",51.34,Four,In stock
411,Daredevils,16.34,Three,In stock
412,Cravings: Recipes for What You Want to Eat,20.5,Three,In stock
413,Born for This: How to Find the Work You Were Meant to Do,21.59,Five,In stock
414,Arena,21.36,Four,In stock
415,Adultery,20.88,Five,In stock
416,A Mother's Reckoning: Living in the Aftermath of Tragedy,19.53,Three,In stock
417,A Gentleman's Position (Society of Gentlemen #3),14.75,Five,In stock
418,11/22/63,48.48,Three,In stock
419,"10% Happier: How I Tamed the Voice in My Head, Reduced Stress Without Losing My Edge, and Found Self-Help That Actually Works",24.57,Two,In stock
420,10-Day Green Smoothie Cleanse: Lose Up to 15 Pounds in 10 Days!,49.71,Five,In stock
421,Without Shame,48.27,Five,In stock
422,Watchmen,58.05,Four,In stock
423,Unlimited Intuition Now,58.87,Four,In stock
424,Underlying Notes,11.82,Two,In stock
425,The Shack,28.03,One,In stock
426,The New Brand You: Your New Image Makes the Sale for You,44.05,Five,In stock
427,"The Moosewood Cookbook: Recipes from Moosewood Restaurant, Ithaca, New York",12.34,Four,In stock
428,The Flowers Lied,16.68,Two,In stock
429,"The Fabric of the Cosmos: Space, Time, and the Texture of Reality",55.91,One,In stock
430,The Book of Mormon,24.57,Three,In stock
431,The Art and Science of Low Carbohydrate Living,52.98,Five,In stock
432,The Alien Club,54.4,One,In stock
433,Suzie Snowflake: One beautiful flake (a self-esteem story),54.81,Five,In stock
434,Nap-a-Roo,25.08,One,In stock
435,"NaNo What Now? Finding your editing process, revising your NaNoWriMo book and building a writing career through publishing and beyond",10.41,Four,In stock
436,Modern Day Fables,47.44,Two,In stock
437,If I Gave You God's Phone Number....: Searching for Spirituality in America,20.91,One,In stock
438,"Fruits Basket, Vol. 9 (Fruits Basket #9)",33.95,Four,In stock
439,Dress Your Family in Corduroy and Denim,43.68,Three,In stock
440,Don't Forget Steven,33.23,One,In stock
441,Chernobyl 01:23:40: The Incredible True Story of the World's Worst Nuclear Disaster,35.92,Two,In stock
442,Art and Fear: Observations on the Perils (and Rewards) of Artmaking,48.63,Four,In stock
443,A Shard of Ice (The Black Symphony Saga #1),56.63,Three,In stock
444,A Hero's Curse (The Unseen Chronicles #1),50.49,Three,In stock
445,23 Degrees South: A Tropical Tale of Changing Whether...,35.79,Two,In stock
446,"Zero to One: Notes on Startups, or How to Build the Future",34.06,Three,In stock
447,Why Not Me?,17.76,One,In stock
448,When Breath Becomes Air,39.36,Two,In stock
449,Vagabonding: An Uncommon Guide to the Art of Long-Term World Travel,36.94,Two,In stock
450,The Unlikely Pilgrimage of Harold Fry (Harold Fry #1),43.62,Five,In stock
451,The New Drawing on the Right Side of the Brain,43.02,Three,In stock
452,"The Midnight Assassin: Panic, Scandal, and the Hunt for America's First Serial Killer",28.45,Four,In stock
453,The Martian (The Martian #1),41.39,Two,In stock
454,The High Mountains of Portugal,51.15,One,In stock
455,The Grownup,35.88,One,In stock
456,The E-Myth Revisited: Why Most Small Businesses Don't Work and What to Do About It,36.91,One,In stock
457,South of Sunshine,28.93,One,In stock
458,Smarter Faster Better: The Secrets of Being Productive in Life and Business,38.89,Five,In stock
459,Silence in the Dark (Logan Point #4),58.33,Three,In stock
460,Shadows of the Past (Logan Point #1),39.67,Five,In stock
461,Roller Girl,14.1,Five,In stock
462,Rising Strong,21.82,Three,In stock
463,Proofs of God: Classical Arguments from Tertullian to Barth,54.21,One,In stock
464,Please Kill Me: The Uncensored Oral History of Punk,31.19,Four,In stock
465,Out of Print: City Lights Spotlight No. 14,53.64,Five,In stock
466,My Life Next Door (My Life Next Door ),36.39,Five,In stock
467,Miller's Valley,58.54,Two,In stock
468,Man's Search for Meaning,29.48,Three,In stock
469,"Love That Boy: What Two Presidents, Eight Road Trips, and My Son Taught Me About a Parent's Expectations",25.06,Two,In stock
470,Living Forward: A Proven Plan to Stop Drifting and Get the Life You Want,12.55,Three,In stock
471,Les Fleurs du Mal,29.04,Five,In stock
472,Left Behind (Left Behind #1),40.72,Two,In stock
473,Kill 'Em and Leave: Searching for James Brown and the American Soul,45.05,Five,In stock
474,Kierkegaard: A Christian Missionary to Christians,47.13,One,In stock
475,John Vassos: Industrial Design for Modern Life,20.22,Four,In stock
476,I'll Give You the Sun,56.48,One,In stock
477,I Will Find You,44.21,One,In stock
478,Hystopia: A Novel,21.96,Four,In stock
479,Howl and Other Poems,40.45,Two,In stock
480,History of Beauty,10.29,Four,In stock
481,Heaven is for Real: A Little Boy's Astounding Story of His Trip to Heaven and Back,52.86,Two,In stock
482,Future Shock (Future Shock #1),55.65,Five,In stock
483,Ender's Game (The Ender Quintet #1),43.64,One,In stock
484,Diary of a Citizen Scientist: Chasing Tiger Beetles and Other New Ways of Engaging the World,28.41,One,In stock
485,Death by Leisure: A Cautionary Tale,37.51,Four,In stock
486,Brilliant Beacons: A History of the American Lighthouse,11.45,Three,In stock
487,Brazen: The Courage to Find the You That's Been Hiding,19.22,Two,In stock
488,Between the World and Me,56.91,Four,In stock
489,Being Mortal: Medicine and What Matters in the End,55.06,Four,In stock
490,"A Murder Over a Girl: Justice, Gender, Junior High",13.2,Three,In stock
491,32 Yolks,53.63,Two,In stock
492,"""Most Blessed of the Patriarchs"": Thomas Jefferson and the Empire of the Imagination",44.48,Five,In stock
493,You Are a Badass: How to Stop Doubting Your Greatness and Start Living an Awesome Life,12.08,Three,In stock
494,Wildlife of New York: A Five-Borough Coloring Book,22.14,Two,In stock
495,What Happened on Beale Street (Secrets of the South Mysteries #2),25.37,Five,In stock
496,Unreasonable Hope: Finding Faith in the God Who Brings Purpose to Your Pain,46.33,Two,In stock
497,Under the Tuscan Sun,37.33,Three,In stock
498,Toddlers Are A**holes: It's Not Your Fault,25.55,One,In stock
499,The Year of Living Biblically: One Man's Humble Quest to Follow the Bible as Literally as Possible,34.72,One,In stock
500,The Whale,35.96,Four,In stock
501,Nightstruck: A Novel,50.35,Four,In stock
502,"Naturally Lean: 125 Nourishing Gluten-Free, Plant-Based Recipes--All Under 300 Calories",11.38,Five,In stock
503,Meternity,43.58,Three,In stock
504,Memoirs of a Geisha,49.67,Three,In stock
505,Like Never Before (Walker Family #2),28.77,Two,In stock
506,Life of Pi,13.22,Four,In stock
507,Leave This Song Behind: Teen Poetry at Its Best,51.17,Five,In stock
508,King's Folly (The Kinsman Chronicles #1),39.61,Five,In stock
509,John Adams,57.43,Four,In stock
510,How to Cook Everything Vegetarian: Simple Meatless Recipes for Great Food (How to Cook Everything),46.01,Four,In stock
511,How to Be a Domestic Goddess: Baking and the Art of Comfort Cooking,28.25,Two,In stock
512,Good in Bed (Cannie Shapiro #1),37.05,Five,In stock
513,"Fruits Basket, Vol. 7 (Fruits Basket #7)",19.57,One,In stock
514,For the Love: Fighting for Grace in a World of Impossible Standards,45.13,Three,In stock
515,Finding God in the Ruins: How God Redeems Pain,46.64,Two,In stock
516,Every Heart a Doorway (Every Heart A Doorway #1),12.16,Five,In stock
517,Delivering the Truth (Quaker Midwife Mystery #1),20.89,Four,In stock
518,Counted With the Stars (Out from Egypt #1),17.97,Five,In stock
519,"Chronicles, Vol. 1",52.6,Two,In stock
520,Blue Like Jazz: Nonreligious Thoughts on Christian Spirituality,25.77,One,In stock
521,The Story of Art,41.14,Four,In stock
522,The Origin of Species,10.01,Four,In stock
523,The Great Gatsby,36.05,Four,In stock
524,The Good Girl,49.03,Three,In stock
525,The Glass Castle,16.24,One,In stock
526,The Faith of Christopher Hitchens: The Restless Soul of the World's Most Notorious Atheist,39.55,One,In stock
527,The Drowning Girls,35.67,Three,In stock
528,The Constant Princess (The Tudor Court #1),16.62,Three,In stock
529,The Bourne Identity (Jason Bourne #1),42.78,Four,In stock
530,The Bachelor Girl's Guide to Murder (Herringford and Watts Mysteries #1),52.3,Five,In stock
531,The Art Book,32.34,Two,In stock
532,The 7 Habits of Highly Effective People: Powerful Lessons in Personal Change,33.17,Four,In stock
533,Team of Rivals: The Political Genius of Abraham Lincoln,20.12,Five,In stock
534,Steal Like an Artist: 10 Things Nobody Told You About Being Creative,20.9,Two,In stock
535,"Sit, Stay, Love",20.9,Three,In stock
536,Sister Dear,40.2,Four,In stock
537,"Shrunken Treasures: Literary Classics, Short, Sweet, and Silly",52.87,Three,In stock
538,"Rich Dad, Poor Dad",51.74,One,In stock
539,Raymie Nightingale,34.41,Two,In stock
540,Playing from the Heart,32.38,One,In stock
541,Benjamin Franklin: An American Life,48.19,Three,In stock
542,"At The Existentialist CafÃ©: Freedom, Being, and apricot cocktails with: Jean-Paul Sartre, Simone de Beauvoir, Albert Camus, Martin Heidegger, Edmund Husserl, Karl Jaspers, Maurice Merleau-Ponty and others",29.93,Five,In stock
543,A Summer In Europe,44.34,Two,In stock
544,A Short History of Nearly Everything,52.4,Five,In stock
545,A Gathering of Shadows (Shades of Magic #2),44.81,Four,In stock
546,The Sound Of Love,57.84,Five,In stock
547,The Rise and Fall of the Third Reich: A History of Nazi Germany,39.67,Two,In stock
548,The Perks of Being a Wallflower,55.02,Three,In stock
549,The Mysterious Affair at Styles (Hercule Poirot #1),24.8,Four,In stock
550,The Man Who Mistook His Wife for a Hat and Other Clinical Tales,59.45,Four,In stock
551,The Makings of a Fatherless Child,31.58,Two,In stock
552,The Joy of Cooking,43.27,Four,In stock
553,The Invention of Wings,37.34,One,In stock
554,The Hobbit (Middle-Earth Universe),17.8,Five,In stock
555,The Great Railway Bazaar,30.54,One,In stock
556,The Golden Compass (His Dark Materials #1),18.77,One,In stock
557,The God Delusion,46.85,Three,In stock
558,The Girl You Left Behind (The Girl You Left Behind #1),15.79,One,In stock
559,The Fellowship of the Ring (The Lord of the Rings #1),10.27,Two,In stock
560,The Collected Poems of W.B. Yeats (The Collected Works of W.B. Yeats #1),15.42,Five,In stock
561,The Barefoot Contessa Cookbook,59.92,Five,In stock
562,Tell the Wolves I'm Home,50.96,Two,In stock
563,Ship Leaves Harbor: Essays on Travel by a Recovering Journeyman,30.6,Three,In stock
564,Pride and Prejudice,19.27,Four,In stock
565,Musicophilia: Tales of Music and the Brain,46.58,One,In stock
566,Mere Christianity,48.51,Three,In stock
567,Me Before You (Me Before You #1),19.02,One,In stock
568,In the Woods (Dublin Murder Squad #1),38.38,Two,In stock
569,In Cold Blood,49.98,Four,In stock
570,How to Stop Worrying and Start Living,46.49,Five,In stock
571,Give It Back,18.32,Two,In stock
572,"Girl, Interrupted",42.14,Three,In stock
573,Fun Home: A Family Tragicomic,56.59,Four,In stock
574,"Fruits Basket, Vol. 6 (Fruits Basket #6)",20.96,Four,In stock
575,Deception Point,40.32,Four,In stock
576,"Death Note, Vol. 6: Give-and-Take (Death Note #6)",36.39,Three,In stock
577,Catherine the Great: Portrait of a Woman,58.55,Four,In stock
578,Better Homes and Gardens New Cook Book,39.61,Three,In stock
579,An Unquiet Mind: A Memoir of Moods and Madness,21.3,Three,In stock
580,A Year in Provence (Provence #1),56.88,Four,In stock
581,World Without End (The Pillars of the Earth #2),32.97,Four,In stock
582,"Will Grayson, Will Grayson (Will Grayson, Will Grayson)",47.31,Four,In stock
583,Why Save the Bankers?: And Other Essays on Our Economic and Political Crisis,48.67,Two,In stock
584,Where She Went (If I Stay #2),41.73,Four,In stock
585,What If?: Serious Scientific Answers to Absurd Hypothetical Questions,53.68,Four,In stock
586,Two Summers,14.64,One,In stock
587,This Is Your Brain on Music: The Science of a Human Obsession,38.4,One,In stock
588,The Secret Garden,15.08,Four,In stock
589,The Raven King (The Raven Cycle #4),30.57,Two,In stock
590,The Raven Boys (The Raven Cycle #1),57.74,Four,In stock
591,The Power Greens Cookbook: 140 Delicious Superfood Recipes,11.05,Five,In stock
592,The Metamorphosis,28.58,One,In stock
593,The Mathews Men: Seven Brothers and the War Against Hitler's U-boats,42.91,Five,In stock
594,The Little Paris Bookshop,24.73,Three,In stock
595,The Hiding Place,55.91,Four,In stock
596,The Grand Design,13.76,Three,In stock
597,The Firm,45.56,Three,In stock
598,The Fault in Our Stars,47.22,One,In stock
599,The False Prince (The Ascendance Trilogy #1),56.0,Five,In stock
600,The Expatriates,44.58,Two,In stock
601,The Dream Thieves (The Raven Cycle #2),34.5,One,In stock
602,The Darkest Corners,11.33,Five,In stock
603,The Crossover,38.77,Four,In stock
604,The 5th Wave (The 5th Wave #1),11.83,Two,In stock
605,Tell the Wind and Fire,45.51,Three,In stock
606,Tell Me Three Things,41.81,One,In stock
607,Talking to Girls About Duran Duran: One Young Man's Quest for True Love and a Cooler Haircut,25.15,Four,In stock
608,Siddhartha,34.22,Five,In stock
609,Shiver (The Wolves of Mercy Falls #1),16.23,Five,In stock
610,Remember Me?,11.48,Three,In stock
611,Red Dragon (Hannibal Lecter #1),23.37,Three,In stock
612,Peak: Secrets from the New Science of Expertise,16.28,Two,In stock
613,My Mother Was Nuts,31.63,Four,In stock
614,Mexican Today: New and Rediscovered Recipes for Contemporary Kitchens,24.91,Five,In stock
615,Maybe Something Beautiful: How Art Transformed a Neighborhood,22.54,One,In stock
616,Lola and the Boy Next Door (Anna and the French Kiss #2),23.63,Four,In stock
617,Logan Kade (Fallen Crest High #5.5),13.12,Two,In stock
618,Last One Home (New Beginnings #1),59.98,Three,In stock
619,Killing Floor (Jack Reacher #1),31.49,Four,In stock
620,Kill the Boy Band,15.52,Five,In stock
621,Isla and the Happily Ever After (Anna and the French Kiss #3),48.13,Five,In stock
622,If I Stay (If I Stay #1),38.13,Five,In stock
623,I Know Why the Caged Bird Sings (Maya Angelou's Autobiography #1),36.55,Two,In stock
624,Harry Potter and the Deathly Hallows (Harry Potter #7),23.32,One,In stock
625,"Fruits Basket, Vol. 5 (Fruits Basket #5)",16.33,One,In stock
626,Foundation (Foundation (Publication Order) #1),32.42,One,In stock
627,Fool Me Once,16.96,One,In stock
628,Find Her (Detective D.D. Warren #8),22.37,One,In stock
629,Evicted: Poverty and Profit in the American City,42.27,One,In stock
630,Drama,38.7,Two,In stock
631,Dracula the Un-Dead,35.63,Five,In stock
632,Digital Fortress,58.0,Five,In stock
633,"Death Note, Vol. 5: Whiteout (Death Note #5)",52.41,One,In stock
634,"Data, A Love Story: How I Gamed Online Dating to Meet My Match",32.35,Three,In stock
635,Critique of Pure Reason,20.75,One,In stock
636,Booked,17.49,Five,In stock
637,"Blue Lily, Lily Blue (The Raven Cycle #3)",34.13,Five,In stock
638,Approval Junkie: Adventures in Caring Too Much,58.81,Five,In stock
639,An Abundance of Katherines,10.0,Five,In stock
640,America's War for the Greater Middle East: A Military History,51.22,Two,In stock
641,Alight (The Generations Trilogy #2),58.59,Four,In stock
642,A Girl's Guide to Moving On (New Beginnings #2),31.3,One,In stock
643,A Game of Thrones (A Song of Ice and Fire #1),46.42,Two,In stock
644,A Feast for Crows (A Song of Ice and Fire #4),17.21,Four,In stock
645,A Clash of Kings (A Song of Ice and Fire #2),10.79,Three,In stock
646,Vogue Colors A to Z: A Fashion Coloring Book,52.35,Four,In stock
647,The Shining (The Shining #1),27.88,Three,In stock
648,The Pilgrim's Progress,50.26,Two,In stock
649,The Perfect Play (Play by Play #1),59.99,Three,In stock
650,The Passion of Dolssa,28.32,Five,In stock
651,The Jazz of Physics: The Secret Link Between Music and the Structure of the Universe,38.71,Three,In stock
652,The Hunger Games (The Hunger Games #1),29.85,Five,In stock
653,The Hound of the Baskervilles (Sherlock Holmes #5),14.82,Two,In stock
654,The Gunning of America: Business and the Making of American Gun Culture,16.81,Four,In stock
655,The Geography of Bliss: One Grump's Search for the Happiest Places in the World,28.23,Two,In stock
656,The Demonists (Demonist #1),52.11,Two,In stock
657,"The Demon Prince of Momochi House, Vol. 4 (The Demon Prince of Momochi House #4)",27.88,Two,In stock
658,The Bone Hunters (Lexy Vaughan & Steven Macaulay #2),59.71,Three,In stock
659,The Beast (Black Dagger Brotherhood #14),46.08,Five,In stock
660,Some Women,13.73,Five,In stock
661,Shopaholic Ties the Knot (Shopaholic #3),48.39,Five,In stock
662,Paper and Fire (The Great Library #2),49.45,Five,In stock
663,Outlander (Outlander #1),19.67,Five,In stock
664,"Orchestra of Exiles: The Story of Bronislaw Huberman, the Israel Philharmonic, and the One Thousand Jews He Saved from Nazi Horrors",12.36,Three,In stock
665,No One Here Gets Out Alive,20.02,Five,In stock
666,Night Shift (Night Shift #1-20),12.75,Four,In stock
667,Needful Things,47.51,Four,In stock
668,Mockingjay (The Hunger Games #3),20.44,Four,In stock
669,Misery,34.79,Two,In stock
670,Little Women (Little Women #1),28.07,Four,In stock
671,It,25.01,Three,In stock
672,Harry Potter and the Sorcerer's Stone (Harry Potter #1),13.9,Three,In stock
673,Harry Potter and the Prisoner of Azkaban (Harry Potter #3),24.17,Four,In stock
674,Harry Potter and the Order of the Phoenix (Harry Potter #5),31.63,Four,In stock
675,Harry Potter and the Half-Blood Prince (Harry Potter #6),48.75,Five,In stock
676,Harry Potter and the Chamber of Secrets (Harry Potter #2),14.74,One,In stock
677,Gone with the Wind,32.49,Three,In stock
678,God Is Not Great: How Religion Poisons Everything,27.8,One,In stock
679,Girl With a Pearl Earring,26.77,One,In stock
680,"Fruits Basket, Vol. 4 (Fruits Basket #4)",50.44,Four,In stock
681,Far From True (Promise Falls Trilogy #2),34.93,Two,In stock
682,Dark Lover (Black Dagger Brotherhood #1),12.87,One,In stock
683,Confessions of a Shopaholic (Shopaholic #1),48.94,Two,In stock
684,Changing the Game (Play by Play #2),13.38,Three,In stock
685,Candide,58.63,Three,In stock
686,Can You Keep a Secret?,21.94,One,In stock
687,Atlas Shrugged,26.58,Five,In stock
688,Animal Farm,57.22,Three,In stock
689,A Walk to Remember,56.43,One,In stock
690,A New Earth: Awakening to Your Life's Purpose,55.65,Five,In stock
691,"A History of God: The 4,000-Year Quest of Judaism, Christianity, and Islam",27.62,One,In stock
692,'Salem's Lot,49.56,Four,In stock
693,Zero History (Blue Ant #3),34.77,One,In stock
694,Wuthering Heights,17.73,Three,In stock
695,World War Z: An Oral History of the Zombie War,21.8,One,In stock
696,Wild: From Lost to Found on the Pacific Crest Trail,46.02,Three,In stock
697,"Where'd You Go, Bernadette",18.13,One,In stock
698,When You Are Engulfed in Flames,30.89,Five,In stock
699,We the People: The Modern-Day Figures Who Have Reshaped and Affirmed the Founding Fathers' Vision of America,31.95,Three,In stock
700,We Are All Completely Beside Ourselves,24.04,One,In stock
701,Walk the Edge (Thunder Road #2),32.36,Three,In stock
702,Voyager (Outlander #3),21.07,Five,In stock
703,Very Good Lives: The Fringe Benefits of Failure and the Importance of Imagination,50.66,Three,In stock
704,Vegan Vegetarian Omnivore: Dinner for Everyone at the Table,13.66,Two,In stock
705,"Unstuffed: Decluttering Your Home, Mind, and Soul",58.09,One,In stock
706,Under the Banner of Heaven: A Story of Violent Faith,30.0,One,In stock
707,Two Boys Kissing,32.74,Two,In stock
708,Twilight (Twilight #1),41.93,Two,In stock
709,Twenties Girl,42.8,Two,In stock
710,"Trespassing Across America: One Man's Epic, Never-Done-Before (and Sort of Illegal) Hike Across the Heartland",53.51,One,In stock
711,Three-Martini Lunch,23.21,Three,In stock
712,"Thinking, Fast and Slow",21.14,One,In stock
713,The Wild Robot,56.07,Three,In stock
714,"The Wicked + The Divine, Vol. 3: Commercial Suicide (The Wicked + The Divine)",14.41,Three,In stock
715,The Undomestic Goddess,45.75,Four,In stock
716,The Travelers,15.77,One,In stock
717,The Tipping Point: How Little Things Can Make a Big Difference,10.02,Two,In stock
718,The Thing About Jellyfish,48.77,One,In stock
719,The Stand,57.86,Two,In stock
720,The Smitten Kitchen Cookbook,23.59,One,In stock
721,The Silkworm (Cormoran Strike #2),23.05,Five,In stock
722,"The Sandman, Vol. 3: Dream Country (The Sandman (volumes) #3)",55.55,Five,In stock
723,The Rose & the Dagger (The Wrath and the Dawn #2),58.64,Four,In stock
724,The Road to Little Dribbling: Adventures of an American in Britain (Notes From a Small Island #2),23.21,One,In stock
725,The Rise of Theodore Roosevelt (Theodore Roosevelt #1),42.57,Three,In stock
726,The Restaurant at the End of the Universe (Hitchhiker's Guide to the Galaxy #2),10.92,One,In stock
727,The Rest Is Noise: Listening to the Twentieth Century,34.77,One,In stock
728,The Red Tent,35.66,Five,In stock
729,The Purpose Driven Life: What on Earth Am I Here for?,37.19,Three,In stock
730,The Purest Hook (Second Circle Tattoos #3),12.25,One,In stock
731,The Picture of Dorian Gray,29.7,Two,In stock
732,The Paris Wife,36.8,Three,In stock
733,The Obsession,45.43,One,In stock
734,The Nightingale,26.26,Four,In stock
735,The New Guy (and Other Senior Year Distractions),44.92,Three,In stock
736,The Nanny Diaries (Nanny #1),52.53,Five,In stock
737,The Name of God is Mercy,37.25,Two,In stock
738,The Maze Runner (The Maze Runner #1),20.93,One,In stock
739,The Lover's Dictionary,58.09,Two,In stock
740,The Lonely Ones,43.59,Five,In stock
741,The Da Vinci Code (Robert Langdon #2),22.96,Two,In stock
742,The Cuckoo's Calling (Cormoran Strike #1),19.21,One,In stock
743,The Complete Stories and Poems (The Works of Edgar Allan Poe [Cameo Edition]),26.78,Four,In stock
744,The Complete Poems,41.32,Five,In stock
745,The Catcher in the Rye,24.55,One,In stock
746,The Cat in the Hat (Beginner Books B-1),16.26,Two,In stock
747,The Case for Christ (Cases for Christianity),47.84,One,In stock
748,The Book Thief,53.49,Two,In stock
749,The Book of Basketball: The NBA According to The Sports Guy,44.84,Five,In stock
750,The Blind Side: Evolution of a Game,53.71,Five,In stock
751,The Autobiography of Malcolm X,23.43,Two,In stock
752,"The Art of Simple Food: Notes, Lessons, and Recipes from a Delicious Revolution",34.32,Three,In stock
753,The Art of Fielding,22.1,One,In stock
754,"Surely You're Joking, Mr. Feynman!: Adventures of a Curious Character",25.83,Two,In stock
755,Stiff: The Curious Lives of Human Cadavers,36.74,Three,In stock
756,Spilled Milk: Based on a True Story,49.51,One,In stock
757,Something Borrowed (Darcy & Rachel #1),48.96,Five,In stock
758,Something Blue (Darcy & Rachel #2),54.62,One,In stock
759,Soldier (Talon #3),24.72,Two,In stock
760,Shopaholic & Baby (Shopaholic #5),46.45,Two,In stock
761,The Lean Startup: How Today's Entrepreneurs Use Continuous Innovation to Create Radically Successful Businesses,33.92,Three,In stock
762,The Last Painting of Sara de Vos,55.55,Two,In stock
763,"The Land of 10,000 Madonnas",29.64,Four,In stock
764,The Infinities,27.41,One,In stock
765,The Husband's Secret,52.51,Five,In stock
766,The Hitchhiker's Guide to the Galaxy (Hitchhiker's Guide to the Galaxy #1),47.8,Three,In stock
767,The Guns of August,14.54,Two,In stock
768,The Guernsey Literary and Potato Peel Pie Society,49.53,One,In stock
769,The Goldfinch,43.58,Three,In stock
770,The Giver (The Giver Quartet #1),12.3,One,In stock
771,The Girl with All the Gifts,49.47,Three,In stock
772,The Girl Who Played with Fire (Millennium Trilogy #2),22.14,Two,In stock
773,The Girl Who Kicked the Hornet's Nest (Millennium Trilogy #3),57.48,One,In stock
774,The Exiled,43.45,Three,In stock
775,"The End of Faith: Religion, Terror, and the Future of Reason",22.13,Four,In stock
776,"The Elegant Universe: Superstrings, Hidden Dimensions, and the Quest for the Ultimate Theory",13.03,Four,In stock
777,"The Disappearing Spoon: And Other True Tales of Madness, Love, and the History of the World from the Periodic Table of the Elements",57.35,Five,In stock
778,The Devil Wears Prada (The Devil Wears Prada #1),44.29,One,In stock
779,The Demon-Haunted World: Science as a Candle in the Dark,52.25,Four,In stock
780,The Day the Crayons Came Home (Crayons),26.33,Five,In stock
781,Seven Days in the Art World,52.33,Two,In stock
782,Seven Brief Lessons on Physics,30.6,Four,In stock
783,Scarlet (The Lunar Chronicles #2),14.57,Four,In stock
784,Sarah's Key,46.29,One,In stock
785,"Saga, Volume 3 (Saga (Collected Editions) #3)",21.57,Five,In stock
786,Running with Scissors,12.91,Four,In stock
787,Rogue Lawyer (Rogue Lawyer #1),50.11,Three,In stock
788,"Rise of the Rocket Girls: The Women Who Propelled Us, from Missiles to the Moon to Mars",41.67,Four,In stock
789,Rework,44.88,Two,In stock
790,Reservations for Two,11.1,Three,In stock
791,Red: The True Story of Red Riding Hood,28.54,Three,In stock
792,Ready Player One,19.07,Four,In stock
793,Quiet: The Power of Introverts in a World That Can't Stop Talking,43.55,One,In stock
794,Prodigy: The Graphic Novel (Legend: The Graphic Novel #2),43.63,Three,In stock
795,Persepolis: The Story of a Childhood (Persepolis #1-2),39.13,One,In stock
796,Packing for Mars: The Curious Science of Life in the Void,56.68,Two,In stock
797,Outliers: The Story of Success,14.16,One,In stock
798,Original Fake,31.45,Three,In stock
799,Orange Is the New Black,24.61,Two,In stock
800,One for the Money (Stephanie Plum #1),32.87,Two,In stock
801,Jurassic Park (Jurassic Park #1),44.97,One,In stock
802,It's Never Too Late to Begin Again: Discovering Creativity and Meaning at Midlife and Beyond,42.38,One,In stock
803,Is Everyone Hanging Out Without Me? (And Other Concerns),20.11,Three,In stock
804,Into the Wild,56.7,Five,In stock
805,Inferno (Robert Langdon #4),41.0,Five,In stock
806,"In the Garden of Beasts: Love, Terror, and an American Family in Hitler's Berlin",28.85,Three,In stock
807,If I Run (If I Run #1),49.97,Four,In stock
808,I've Got Your Number,19.69,One,In stock
809,I Am Malala: The Girl Who Stood Up for Education and Was Shot by the Taliban,28.88,Two,In stock
810,Hungry Girl Clean & Hungry: Easy All-Natural Recipes for Healthy Eating in the Real World,33.14,Three,In stock
811,"House of Lost Worlds: Dinosaurs, Dynasties, and the Story of Life on Earth",43.7,Two,In stock
812,House of Leaves,54.89,One,In stock
813,Horrible Bear!,37.52,Two,In stock
814,Holidays on Ice,51.07,Two,In stock
815,Heir to the Sky,44.07,Four,In stock
816,Green Eggs and Ham (Beginner Books B-16),10.79,Four,In stock
817,"Grayson, Vol 3: Nemesis (Grayson #3)",42.72,One,In stock
818,Gratitude,26.66,Five,In stock
819,Gone Girl,37.6,Five,In stock
820,Golden (Heart of Dread #3),42.21,Four,In stock
821,Notes from a Small Island (Notes From a Small Island #1),40.17,One,In stock
822,Night (The Night Trilogy #1),13.51,One,In stock
823,Neither Here nor There: Travels in Europe,38.95,Three,In stock
824,Naked,31.69,Three,In stock
825,Morning Star (Red Rising #3),29.4,One,In stock
826,"Miracles from Heaven: A Little Girl, Her Journey to Heaven, and Her Amazing Story of Healing",57.83,One,In stock
827,Midnight Riot (Peter Grant/ Rivers of London - books #1),55.46,Two,In stock
828,Me Talk Pretty One Day,57.6,Two,In stock
829,Manuscript Found in Accra,34.98,Two,In stock
830,Lust & Wonder,11.87,Two,In stock
831,Lila (Gilead #3),12.47,Three,In stock
832,"Life, the Universe and Everything (Hitchhiker's Guide to the Galaxy #3)",33.26,Two,In stock
833,Life Without a Recipe,59.04,Five,In stock
834,Life After Life,26.13,Two,In stock
835,Letter to a Christian Nation,22.2,One,In stock
836,Let's Pretend This Never Happened: A Mostly True Memoir,45.11,One,In stock
837,Legend (Legend #1),43.69,Four,In stock
838,"Lean In: Women, Work, and the Will to Lead",25.02,One,In stock
839,"Lamb: The Gospel According to Biff, Christ's Childhood Pal",55.5,Five,In stock
840,Lady Renegades (Rebel Belle #3),53.04,Five,In stock
841,Girl in the Blue Coat,46.83,Two,In stock
842,"Fruits Basket, Vol. 3 (Fruits Basket #3)",45.17,Two,In stock
843,"Friday Night Lights: A Town, a Team, and a Dream",51.22,Three,In stock
844,Fire Bound (Sea Haven/Sisters of the Heart #5),21.28,Four,In stock
845,Fifty Shades Freed (Fifty Shades #3),15.36,Five,In stock
846,Fellside,38.62,One,In stock
847,Extreme Prey (Lucas Davenport #26),25.4,Three,In stock
848,Eragon (The Inheritance Cycle #1),43.87,Three,In stock
849,Eclipse (Twilight #3),18.74,One,In stock
850,Dune (Dune #1),54.86,One,In stock
851,Dracula,52.62,Three,In stock
852,Do Androids Dream of Electric Sheep? (Blade Runner #1),51.48,One,In stock
853,Disrupted: My Misadventure in the Start-Up Bubble,15.28,Five,In stock
854,Dead Wake: The Last Crossing of the Lusitania,39.24,Five,In stock
855,"David and Goliath: Underdogs, Misfits, and the Art of Battling Giants",17.81,One,In stock
856,Darkfever (Fever #1),56.02,One,In stock
857,Dark Places,23.9,Five,In stock
858,Crazy Rich Asians (Crazy Rich Asians #1),49.13,Five,In stock
859,Counting Thyme,10.62,One,In stock
860,Cosmos,36.17,Two,In stock
861,Civilization and Its Discontents,59.95,Two,In stock
862,Cinder (The Lunar Chronicles #1),26.09,One,In stock
863,Catastrophic Happiness: Finding Joy in Childhood's Messy Years,37.35,Two,In stock
864,Career of Evil (Cormoran Strike #3),24.72,Two,In stock
865,Breaking Dawn (Twilight #4),35.28,Five,In stock
866,Brave Enough,51.32,Five,In stock
867,Boy Meets Boy,21.12,Three,In stock
868,"Born to Run: A Hidden Tribe, Superathletes, and the Greatest Race the World Has Never Seen",27.35,Two,In stock
869,Blink: The Power of Thinking Without Thinking,21.74,Five,In stock
870,Black Flags: The Rise of ISIS,40.87,One,In stock
871,"Black Butler, Vol. 1 (Black Butler #1)",49.31,One,In stock
872,Big Little Lies,22.11,One,In stock
873,Between Shades of Gray,20.79,Five,In stock
874,Best of My Love (Fool's Gold #20),27.41,Two,In stock
875,Beowulf,38.35,Two,In stock
876,Beautiful Creatures (Caster Chronicles #1),21.55,Five,In stock
877,Awkward,38.02,Two,In stock
878,Ash,22.06,Four,In stock
879,Are We There Yet?,10.66,Three,In stock
880,Are We Smart Enough to Know How Smart Animals Are?,56.58,One,In stock
881,Annie on My Mind,36.83,Five,In stock
882,And Then There Were None,35.01,Two,In stock
883,A Walk in the Woods: Rediscovering America on the Appalachian Trail,30.48,Four,In stock
884,A Visit from the Goon Squad,14.08,Five,In stock
885,A Storm of Swords (A Song of Ice and Fire #3),31.22,Two,In stock
886,A Heartbreaking Work of Staggering Genius,54.29,Five,In stock
887,8 Keys to Mental Health Through Exercise,31.04,One,In stock
888,#GIRLBOSS,50.96,One,In stock
889,"The Suffragettes (Little Black Classics, #96)",11.89,Two,In stock
890,The Sense of an Ending,31.38,Three,In stock
891,"The Sandman, Vol. 2: The Doll's House (The Sandman (volumes) #2)",54.81,One,In stock
892,The Course of Love,16.78,Three,In stock
893,Sugar Rush (Offensive Line #2),24.42,One,In stock
894,"Saga, Volume 2 (Saga (Collected Editions) #2)",11.75,Three,In stock
895,"Run, Spot, Run: The Ethics of Keeping Pets",20.02,One,In stock
896,New Moon (Twilight #2),12.86,Four,In stock
897,Life,31.58,Five,In stock
898,Kindle Paperwhite User's Guide,34.0,Three,In stock
899,H is for Hawk,57.42,Five,In stock
900,Girl Online On Tour (Girl Online #2),53.47,One,In stock
901,"Fruits Basket, Vol. 2 (Fruits Basket #2)",11.64,Five,In stock
902,Diary of a Minecraft Zombie Book 1: A Scare of a Dare (An Unofficial Minecraft Book),52.88,Four,In stock
903,"Y: The Last Man, Vol. 1: Unmanned (Y: The Last Man #1)",18.51,Four,In stock
904,While You Were Mine,41.32,Five,In stock
905,Where Lightning Strikes (Bleeding Stars #3),39.77,Three,In stock
906,When I'm Gone,51.96,Three,In stock
907,Ways of Seeing,39.51,Five,In stock
908,"Vampire Knight, Vol. 1 (Vampire Knight #1)",15.4,One,In stock
909,Vampire Girl (Vampire Girl #1),53.82,Two,In stock
910,Twenty Love Poems and a Song of Despair,30.95,Four,In stock
911,Travels with Charley: In Search of America,57.82,Five,In stock
912,Three Wishes (River of Time: California #1),44.18,Two,In stock
913,This One Moment (Pushing Limits #1),48.71,One,In stock
914,The Zombie Room,19.69,Five,In stock
915,"The Wicked + The Divine, Vol. 1: The Faust Act (The Wicked + The Divine)",36.52,Two,In stock
916,The Tumor,41.56,Five,In stock
917,The Story of Hong Gildong,43.19,Four,In stock
918,The Silent Wife,12.34,Five,In stock
919,The Silent Twin (Detective Jennifer Knight #3),36.25,Three,In stock
920,The Selfish Gene,29.45,One,In stock
921,The Secret Healer,34.56,Three,In stock
922,"The Sandman, Vol. 1: Preludes and Nocturnes (The Sandman (volumes) #1)",54.12,Three,In stock
923,The Republic,33.78,Three,In stock
924,The Odyssey,29.64,Three,In stock
925,The No. 1 Ladies' Detective Agency (No. 1 Ladies' Detective Agency #1),57.7,Four,In stock
926,The Nicomachean Ethics,36.34,One,In stock
927,The Name of the Wind (The Kingkiller Chronicle #1),50.59,Three,In stock
928,The Mirror & the Maze (The Wrath and the Dawn #1.5),29.38,One,In stock
929,The Little Prince,45.42,Two,In stock
930,The Light of the Fireflies,54.43,One,In stock
931,The Last Girl (The Dominion Trilogy #1),36.26,Two,In stock
932,The Iliad,16.16,One,In stock
933,The Hook Up (Game On #1),36.29,Five,In stock
934,The Haters,27.89,Five,In stock
935,The Girl You Lost,12.29,Five,In stock
936,The Girl In The Ice (DCI Erika Foster #1),15.85,Three,In stock
937,The End of the Jesus Era (An Investigation #1),14.4,One,In stock
938,The Edge of Reason (Bridget Jones #2),19.18,Four,In stock
939,The Complete Maus (Maus #1-2),10.64,Three,In stock
940,The Communist Manifesto,14.76,Three,In stock
941,The Bhagavad Gita,57.49,Three,In stock
942,The Bette Davis Club,30.66,Three,In stock
943,The Art of Not Breathing,40.83,Four,In stock
944,Taking Shots (Assassins #1),18.88,Two,In stock
945,Starlark,25.83,Three,In stock
946,"Skip Beat!, Vol. 01 (Skip Beat! #1)",42.12,Three,In stock
947,Sister Sable (The Mad Queen #1),13.33,Three,In stock
948,Shatter Me (Shatter Me #1),42.4,One,In stock
949,Shameless,58.35,Three,In stock
950,Shadow Rites (Jane Yellowrock #10),21.72,Four,In stock
951,Settling the Score (The Summer Games #1),44.91,Two,In stock
952,Sense and Sensibility,37.46,One,In stock
953,"Saga, Volume 1 (Saga (Collected Editions) #1)",28.48,One,In stock
954,"Rhythm, Chord & Malykhin",28.34,Two,In stock
955,"Rat Queens, Vol. 1: Sass & Sorcery (Rat Queens (Collected Editions) #1-5)",46.96,Five,In stock
956,Paradise Lost (Paradise #1),24.96,One,In stock
957,"Paper Girls, Vol. 1 (Paper Girls #1-5)",21.71,Four,In stock
958,"Ouran High School Host Club, Vol. 1 (Ouran High School Host Club #1)",29.87,Three,In stock
959,Origins (Alphas 0.5),28.99,One,In stock
960,One Second (Seven #7),52.94,Two,In stock
961,On the Road (Duluoz Legend),32.36,Three,In stock
962,Old Records Never Die: One Man's Quest for His Vinyl and His Past,55.66,Two,In stock
963,Off Sides (Off #1),39.45,Five,In stock
964,Of Mice and Men,47.11,Two,In stock
965,Myriad (Prentor #1),58.75,Four,In stock
966,My Perfect Mistake (Over the Top #1),38.92,Two,In stock
967,"Ms. Marvel, Vol. 1: No Normal (Ms. Marvel (2014-2015) #1)",39.39,Four,In stock
968,Meditations,25.89,Two,In stock
969,Matilda,28.34,One,In stock
970,Lost Among the Living,27.7,Four,In stock
971,Lord of the Flies,24.89,Three,In stock
972,Listen to Me (Fusion #1),58.99,Three,In stock
973,Kitchens of the Great Midwest,57.2,Five,In stock
974,Jane Eyre,38.43,Five,In stock
975,Imperfect Harmony,34.74,Four,In stock
976,Icing (Aces Hockey #2),40.44,Four,In stock
977,"Hawkeye, Vol. 1: My Life as a Weapon (Hawkeye #1)",45.24,Three,In stock
978,Having the Barbarian's Baby (Ice Planet Barbarians #7.5),34.96,Four,In stock
979,"Giant Days, Vol. 1 (Giant Days #1-4)",56.76,Four,In stock
980,"Fruits Basket, Vol. 1 (Fruits Basket #1)",40.28,Five,In stock
981,Frankenstein,38.0,Two,In stock
982,Forever Rockers (The Rocker #12),28.8,Three,In stock
983,Fighting Fate (Fighting #6),39.24,Three,In stock
984,Emma,32.93,Two,In stock
985,"Eat, Pray, Love",51.32,Three,In stock
986,Deep Under (Walker Security #1),47.09,Five,In stock
987,Choosing Our Religion: The Spiritual Lives of America's Nones,28.42,Four,In stock
988,Charlie and the Chocolate Factory (Charlie Bucket #1),22.85,Three,In stock
989,Charity's Cross (Charles Towne Belles #4),41.24,One,In stock
990,Bright Lines,39.07,Five,In stock
991,Bridget Jones's Diary (Bridget Jones #1),29.82,One,In stock
992,Bounty (Colorado Mountain #7),37.26,Four,In stock
993,Blood Defense (Samantha Brinkman #1),20.3,Three,In stock
994,"Bleach, Vol. 1: Strawberry and the Soul Reapers (Bleach #1)",34.65,Five,In stock
995,Beyond Good and Evil,43.38,One,In stock
996,Alice in Wonderland (Alice's Adventures in Wonderland #1),55.53,One,In stock
997,"Ajin: Demi-Human, Volume 1 (Ajin: Demi-Human #1)",57.06,Four,In stock
998,A Spy's Devotion (The Regency Spies of London #1),16.97,Five,In stock
999,1st to Die (Women's Murder Club #1),53.98,One,In stock
1000,"1,000 Places to See Before You Die",26.08,Five,In stock
